<!-- -*- mode: XML -*- -->
<launch>
  <arg name="run_camera" default="true" />

  <!-- camera -->
  <group ns="front_camera" if="$(arg run_camera)">
    <node pkg="pointgrey_camera_driver" type="camera_node" name="camera_node">
      <param name="serial" value="0" />
      <param name="camera_info_url" value="" />
      <param name="frame_id" value="camera" />
    </node>
  </group>

  <!-- optical flow -->
  <node pkg="px4flow" type="px4flow_node" name="optical_flow_node">
    <param name="serial_port" value="/dev/px4flow" />
    <param name="baudrate" value="115200" />
  </node>

</launch>
